lang_code	observed_scripts	language	orthography	is_subtag
aa	Common,Latin	Afar	Latin	False
ab	Cyrillic	Abkhaz	Cyrillic	False
abe		Abenaki	Latin	False
abq		Abaza	Cyrillic	False
abs	Latin	Ambonese	Latin	False
ace	Common,Latin	Acehnese	Latin	False
adx		Amdo Tibetan	Tibetan	False
ady	Cyrillic	Adyghe	Cyrillic	False
ady-cyrl	Latin	Adyghe in Cyrillic script	Cyrillic	True
aeb	Arabic	Tunisian Arabic	Arabic	False
aeb-arab	Arabic	Tunisian Arabic in Arabic script	Arabic	True
aeb-latn	Common,Latin	Tunisian Arabic in Latin script	Latin	True
af	Common,Latin	Afrikaans	Latin	False
agq	Latin	Aghem	Latin	False
ak	Common,Latin	Akan	Latin	False
akl		Aklan	Latin	False
akz		Alabama	Latin	False
aln	Common,Latin	Gheg Albanian	Latin	False
als	Latin	Swiss German	Latin	False
alt	Cyrillic	Altai	Cyrillic	False
am	Common,Ethiopic	Amharic	Ge'ez	False
ami	Latin	Amis	Latin	False
an	Common,Latin	Aragonese	Latin	False
ang	Common,Latin	Old English	Latin	False
anp	Devanagari	Angika	Tirhuta	False
aoc		Pemon	Latin	False
ar	Arabic,Common,Latin	Arabic	Arabic	False
arc	Syriac	Aramaic	Aramaic	False
arn	Common,Latin	Mapudungun	Latin	False
arq	Arabic	Algerian Arabic	Arabic	False
ary	Arabic,Common	Moroccan Arabic	Arabic	False
arz	Arabic,Common	Egyptian Arabic	Arabic	False
as	Bengali	Assamese	Assamese	False
ase	Latin	American Sign Language	Latin	False
ast	Common,Latin	Asturian	Latin	False
atj	Common,Latin	Atikamekw	Latin	False
av	Cyrillic	Avaric	Cyrillic	False
avk	Common,Latin	Kotava	Latin	False
awa	Devanagari	Awadhi	Devanagari	False
ay	Common,Latin	Aymara	Latin	False
az	Common,Latin	Azerbaijani	Latin	False
az-cyrl		Azerbaijani in Cyrillic	Cyrillic	True
azb	Arabic,Common	South Azerbaijani	Arabic	False
ba	Common,Cyrillic	Bashkir	Cyrillic	False
ban	Common,Latin	Balinese	Latin	False
ban-bali	Balinese	Balinese in Balinese script	Balinese	True
bar	Common,Latin	Bavarian	Latin	False
bat-smg		Samogitian	Latin	True
bbc	Common,Latin	Toba Batak	Latin, Batak	False
bbc-latn	Common,Latin	Batak Toba in Latin script	Latin	True
bcc	Common,Latin	Southern Balochi	Latin	False
bcl	Common,Latin	Central Bikol	Latin	False
bdr		West Coast Bajau	Latin	False
be	Common,Cyrillic	Belarusian	Cyrillic	False
be-tarask	Common,Cyrillic	Taraškievica	Cyrillic	True
be-x-old	Cyrillic	Taraškievica	Cyrillic	True
bej		Beja	Latin, Arabic	False
bfi		British Sign Language	Latin	False
bfq		Badaga	Tamil, Kannada, Malayalam	False
bg	Common,Cyrillic	Bulgarian	Cyrillic	False
bgn	Arabic	Western Balochi	Latin	False
bh	Devanagari	Bhojpuri	Devanagari	False
bi	Common,Latin	Bislama	Latin	False
bjn	Common,Latin	Banjar	Latin	False
bla		Blackfoot	Blackfoot, Latin	False
bm	Common,Latin	Bambara	Latin	False
bn	Bengali	Bengali	Bengali	False
bnn		Bunun	Latin	False
bo	Tibetan	Tibetan	Tibetan	False
bpy	Bengali	Bishnupriya Manipuri	Bengali	False
bqi	Arabic	Bakhtiari	Arabic	False
br	Common,Latin	Breton	Latin	False
brh	Common,Latin	Brahui	Arabic	False
brx		Bodo	Devanagari	False
bs	Common,Latin	Bosnian	Latin, Cyrillic	False
bsk		Burushaski	Arabic	False
bss		Kose	Latin	False
btm	Latin	Mandailing	Latin	False
bto	Common,Latin	Rinconada Bikol	Latin	False
bug	Common,Latin	Buginese	Latin	False
bxr	Cyrillic	Buryat	Cyrillic	False
bxr	Cyrillic	Russia Buriat	Cyrillic	False
byq		Basay	Latin	False
bzg		Babuza	Latin	False
bzs		Brazilian Sign Language	Latin	False
ca	Common,Latin	Catalan	Latin	False
cak		Kaqchikel	Latin	False
cal		Carolinian	Latin	False
cbk-zam	Common,Latin	Chavacano	Latin	True
cbk-zam	Common,Latin	Zamboanga Chavacano	Latin	True
ccp		Chakma	Chakma	False
ccp-beng		Chakma in Bengali script	Bengali	True
cdo	Common,Latin	Min Dong	CJK	False
ce	Common,Cyrillic	Chechen	Cyrillic	False
ceb	Common,Latin	Cebuano	Latin	False
ch	Common,Latin	Chamorro	Latin	False
chn		Chinook Jargon	Latin	False
cho	Common,Latin	Choctaw	Latin	False
chr	Cherokee,Common	Cherokee	Cherokee	False
chy	Common,Latin	Cheyenne	Latin	False
ckb	Arabic	Kurdish Wikipedia	Arabic	False
ckb	Arabic	Sorani	Arabic	False
ckt		Chukchi	Cyrillic	False
ckv		Kavalan	Latin	False
clc		Chilcotin	Latin	False
cnh		Hakha-Chin	Latin	False
cnr		Montenegrin	Latin	False
co	Common,Latin	Corsican	Latin	False
cop		Coptic	Coptic	False
cps	Common,Latin	Capiznon	Latin	False
cpx		Pu-Xian Min	CJK	False
cr	Common,Latin	Cree	Latin	False
crh	Common,Latin	Crimean Tatar	Cyrillic, Latin	False
crh-cyrl	Cyrillic	Crimean Tatar in Cyrillic	Cyrillic	True
crh-latn	Common,Latin	Crimean Tatar in Latin script	Latin	True
crl		Northern East Cree	Latin	False
crs		Seychellois Creole	Latin	False
cs	Common,Latin	Czech	Latin	False
csb	Common,Latin	Kashubian	Latin	False
ctg		Chittagonian	Bengali	False
cu	Cyrillic	Church Slavonic	Cyrillic	False
cu	Cyrillic	Old Church Slavonic	Cyrillic	False
cu	Cyrillic	Slavonic musical notation	Cyrillic	False
cu	Cyrillic	Slavonic documents	Cyrillic	False
cv	Common,Cyrillic,Latin	Chuvash	Cyrillic	False
cy	Common,Latin	Welsh	Latin	False
da	Common,Latin	Danish	Latin	False
dag	Latin	Dagbani	Latin	False
dar		Dargwa	Cyrillic	False
de	Common,Latin	German	Latin	False
de	Common,Latin	Hauptseite	Latin	False
de-at	Common,Latin	Austrian German	Latin	True
de-ch	Common,Latin	Swiss High German	Latin	True
de-formal	Latin	formal address in German	Latin	True
din	Common,Latin	Dinka	Latin	False
diq	Common,Latin	Zazaki	Latin	False
dlm		Dalmatian	Latin	False
dru		Rukai	Latin	False
dsb	Common,Latin	Lower Sorbian	Latin	False
dtp	Common,Latin	Kadazandusun	Latin	False
dty	Devanagari	Doteli	Devanagari	False
dua	Latin	Duala	Latin	False
dv	Thaana	Dhivehi	Thaana	False
dz	Tibetan	Dzongkha	Tibetan	False
ee	Common,Latin	Ewe	Latin	False
egl	Common,Latin	Emilian	Latin	False
el	Common,Greek,Latin	Modern Greek	Greek	False
el	Common,Greek,Latin	Greek	Greek	False
eml	Common,Latin	Emilian-Romagnol	Latin	False
en	Common,Latin	English	Latin	False
en-ca	Common,Latin	Canadian English	Latin	True
en-gb	Common,Latin	British English	Latin	True
en-simple		Simple English	Latin	True
en-us	Latin	American English	Latin	True
en-x-simple		Simple English	Latin	True
enm		Middle English	Latin	False
eo	Common,Latin	Esperanto	Latin	False
eo-hsistemo		System H	Latin	True
eo-xsistemo		System X	Latin	True
es	Common,Latin	Spanish	Latin	False
es-419	Common,Latin	Latin American Spanish	Latin	True
es-formal	Latin	formal Spanish	Latin	True
esu		Central Alaskan Yup'ik	Latin	False
et	Common,Latin	Estonian	Latin	False
ett		Etruscan	Etruscan alphabet	False
eu	Common,Latin	Basque	Latin	False
ext	Common,Latin	Extremaduran	Latin	False
eya		Eyak	Latin	False
fa	Arabic,Common	Persian	Arabic	False
fa-af		Dari	Arabic	True
ff	Common,Latin	Fula	Latin	False
fi	Common,Latin	Finnish	Latin	False
fit	Common,Latin	Meänkieli	Latin	False
fiu-vro		Võro	Latin	True
fj	Common,Latin	Fijian	Latin	False
fkv	Latin	Kven	Latin	False
fo	Common,Latin	Faroese	Latin	False
fon		Fon	Latin	False
fos		Siraya	Latin	False
fr	Common,Latin	French	Latin	False
fr-ca		Canadian French	Latin	True
frc	Common,Latin	Louisiana French	Latin	False
frm		Middle French	Latin	False
fro		Old French	Latin	False
frp	Common,Latin	Franco-Provençal	Latin	False
frr	Common,Latin	North Frisian	Latin	False
fuf		Pular	Latin	False
fur	Common,Latin	Friulian	Latin	False
fy	Common,Latin	West Frisian	Latin	False
ga	Common,Latin	Irish	Latin	False
gaa		Ga	Latin	False
gag	Common,Latin	Gagauz	Latin	False
gan	Common,Han	Gan	CJK	False
gan-hans	Common,Han	simplified Gan	CJK	True
gan-hant	Common,Han	traditional Gan	CJK	True
gcf		Guadeloupe-Martinique Creole French	Latin	False
gcr	Latin	Guianan Creole	Latin	False
gd	Common,Latin	Scottish Gaelic	Latin	False
gez		Ge'ez	Ge'ez	False
gil		Gilbertese	Latin	False
gkm		Medieval Greek	Greek	False
gl	Common,Latin	Galician	Latin	False
glk	Arabic	Gilaki	Latin	False
gmh		Middle High German	Latin	False
gml		Middle Low German	Latin	False
gn	Common,Latin	Guarani	Latin	False
goh		Old High German	Latin	False
gom	Devanagari,Kannada,Latin	Goan Konkani	Latin	False
gom-deva	Devanagari	Goan Konkani in Devanagari script	Devanagari	True
gom-latn	Common,Latin	Goan Konkani in Latin script	Latin	True
gor	Common,Latin	Gorontalo	Latin	False
got	Gothic,Latin	Gothic	Gothic	False
grc	Common,Greek,Latin	Ancient Greek	Greek	False
gsg		German Sign Language	Latin	False
gsw	Common,Latin	Alemannic	Latin	False
gsw-fr		Alsatian	Latin	True
gu	Gujarati	Gujarati	Gujarati	False
guc	Latin	Wayuu	Latin	False
guw		Gun	Latin	False
gv	Common,Latin	Manx	Latin	False
ha	Common,Latin	Hausa	Latin	False
hai		Haida	Latin	False
hak	Common,Latin	Hakka	CJK	False
haw	Common,Latin	Hawaiian	Latin	False
hbo		Biblical Hebrew	Hebrew	False
he	Common,Hebrew	Hebrew	Hebrew	False
hi	Common,Devanagari	Hindi	Devanagari	False
hif	Common,Latin	Fiji Hindi	Devanagari	False
hif-latn	Common,Latin	Fiji Hindi in Latin script	Latin	True
hil	Common,Latin	Hiligaynon	Latin	False
ho	Common,Latin	Hiri Motu	Latin	False
hoc		Ho	Warang Citi	False
hr	Common,Latin	Croatian	Latin	False
hrx	Common,Latin	Hunsrik	Latin	False
hsb	Common,Latin	Upper Sorbian	Latin	False
ht	Common,Latin	Haitian Creole	Latin	False
hu	Common,Latin	Hungarian	Latin	False
hu-formal	Latin	formal Hungarian	Latin	True
hy	Armenian,Common	Armenian	Armenian	False
hyw	Armenian,Common	Western Armenian	Armenian	False
hz	Common,Latin	Herero	Latin	False
ia	Common,Latin	Interlingua	Latin	False
id	Common,Latin	Indonesian	Latin	False
ie	Common,Latin	Interlingue	Latin	False
ig	Common,Latin	Igbo	Latin	False
ii	Yi	Nuosu	Yi	False
ik	Common,Latin	Inupiaq	Latin	False
ike-cans	Canadian_Aboriginal	Eastern Canadian (Aboriginal syllabics)	Aboriginal syllabics	True
ike-latn	Common,Latin	Eastern Canadian in Latin script	Latin	True
ilo	Common,Latin	Ilocano	Latin	False
inh	Cyrillic	Ingush	Cyrillic	False
ins		Indian Sign Language	Latin	False
io	Common,Latin	Ido	Latin	False
is	Common,Latin	Icelandic	Latin	False
it	Common,Latin	Italian	Latin	False
iu	Canadian_Aboriginal	Inuktitut	Inuktitut	False
ja	Common,Han,Hiragana,Katakana,Latin	Japanese	CJK	False
ja-hani		Japanese written in kanji	CJK	True
ja-hira		Japanese written in hiragana	Hiragana	True
ja-hrkt		Japanese written in kana	Hiragana,Katakana	True
ja-kana		Japanese written in katakana	Katakana	True
jam	Common,Latin	Jamaican Creole	Latin	False
jax		Jambi Malay	Latin	False
jbo	Common,Latin	Lojban	Latin	False
jut	Common,Latin	Jutlandic	Latin	False
jv	Common,Latin	Javanese	Latin	False
ka	Common,Georgian,Latin	Georgian	Georgian	False
ka	Common,Georgian,Latin	მთავარი გვერდი	Georgian	False
kaa	Common,Latin	Karakalpak	Cyrillic, Latin	False
kab	Common,Latin	Kabyle	Tifinagh,Latin	False
kae		Ketagalan	Latin	False
kbd	Cyrillic	Kabardian	Cyrillic	False
kbd-cyrl	Latin	Kabardian in Cyrillic script	Cyrillic	True
kbg		Khamba	Latin	False
kbp	Common,Latin	Kabiye	Latin	False
kcg	Latin	Tyap	Latin	False
kea	Common,Latin	Cape Verdean Creole	Latin	False
kg	Common,Latin	Kongo	Latin	False
kha		Khasi	Latin	False
khg		Khams Tibetan	Tibetan	False
khw	Arabic	Khowar	Arabic	False
ki	Common,Latin	Gikuyu	Latin	False
kiu	Common,Latin	Kirmanjki	Latin	False
kj	Common,Latin	Kwanyama	Latin	False
kjh		Khakas	Latin	False
kjp	Myanmar	Eastern Pwo	Burmese	False
kk	Common,Cyrillic	Kazakh	Cyrillic, Latin	False
kk-arab	Arabic	Kazakh in Arabic script	Arabic	True
kk-cn	Arabic	Kazakh in China	Arabic	True
kk-cyrl	Cyrillic	Kazakh in Cyrillic script	Cyrillic	True
kk-kz	Cyrillic	Kazakh in Kazakhstan	Cyrillic, Latin	True
kk-latn	Common,Latin	Kazakh in Latin script	Latin	True
kk-tr	Common,Latin	Kazakh in Turkey	Cyrillic	True
kl	Common,Latin	Greenlandic	Latin	False
km	Common,Khmer	Khmer	Khmer	False
kn	Kannada	Kannada	Kannada	False
ko	Common,Hangul,Latin	Korean	Korean	False
ko-kp	Common,Hangul	North Korean standard language	Korean	True
ko-kr		South Korean standard language	Korean	True
koi	Cyrillic	Permyak	Cyrillic	False
koy		Koyukon	Latin	False
kr	Common,Latin	Kanuri	Arabic, Latin	False
krc	Cyrillic	Karachay-Balkar	Cyrillic	False
kri	Common,Latin	Krio	Latin	False
krj	Common,Latin	Kinaray-a	Latin	False
krl	Common,Latin	Karelian	Cyrillic, Latin	False
krx		Karon	Latin	False
ks	Arabic,Devanagari	Kashmiri	Arabic,Devanagari	False
ks-arab	Arabic	Kashmiri in Arabic script	Arabic	True
ks-deva	Latin	Kashmiri in Devanagari script	Devanagari	True
ksh	Common,Latin	Kölsch	Latin	False
ksh	Common,Latin	Ripuarian	Latin	False
ksw		S'gaw Karen	Latin	False
ku	Common,Latin	Kurdish Wikipedia	Arabic	False
ku	Common,Latin	Kurmanji	Arabic	False
ku	Common,Latin	Kurdish	Arabic	False
ku-arab	Arabic,Common	Kurdish in Arabic script	Arabic	True
ku-latn	Common,Latin	Kurdish in Latin script	Latin	True
kum	Cyrillic	Kumyk	Cyrillic	False
kut		Kutenai	Latin	False
kv	Cyrillic	Komi	Cyrillic	False
kw	Common,Latin	Cornish	Latin	False
ky	Common,Cyrillic	Kyrgyz	Cyrillic, Arabic	False
ky-arab		Kyrgyz in Arabic script	Cyrillic	True
ky-cyrl		Kyrgyz in Cyrillic script	Arabic	True
la	Common,Latin	Latin	Latin	False
lad	Common,Latin	Judaeo-Spanish	Latin	False
lag		Rangi	Latin	False
lb	Common,Latin	Luxembourgish	Latin	False
lbe	Cyrillic	Lak	Cyrillic	False
lez	Cyrillic	Lezgian	Cyrillic	False
lfn	Common,Latin	Lingua Franca Nova	Latin, Cyrillic	False
lg	Common,Latin	Luganda	Latin	False
li	Common,Latin	Limburgish	Latin	False
lij	Common,Latin	Ligurian	Latin	False
lij-mc		Monégasque	Latin	True
liv	Common,Latin	Livonian	Latin	False
lki	Common,Latin	Laki	Latin	False
lkt		Lakota	Latin	False
lld	Latin	Ladin	Latin	False
lmo	Common,Latin	Lombard	Latin	False
ln	Common,Latin	Lingala	Latin	False
lo	Lao	Lao	Lao, Khmer	False
loz	Common,Latin	Lozi	Latin	False
lrc	Arabic	Northern Luri	Arabic	False
lt	Common,Latin	Lithuanian	Latin	False
ltg	Common,Latin	Latgalian	Latin	False
lus	Common,Latin	Mizo	Latin	False
luz	Common,Latin	Southern Luri	Arabic	False
lv	Common,Latin	Latvian	Latin	False
lzh	Common,Han	Classical Chinese	CJK	False
lzz	Common,Latin	Laz	Latin, Georgian	False
mad	Latin	Madurese	Latin, Arabic	False
mai	Devanagari	Maithili	Devanagari, Tirhuta, Kaithi	False
map-bms	Common,Latin	Banyumasan	Latin	True
mdf	Cyrillic	Moksha	Cyrillic	False
mfe		Mauritian Creole	Latin	False
mg	Common,Latin	Malagasy	Latin	False
mh	Common,Latin	Marshallese	Latin	False
mhr	Cyrillic	Meadow Mari	Cyrillic	False
mi	Common,Latin	Māori	Latin	False
mic		Mi'kmaq	Latin	False
min	Common,Latin	Minangkabau	Latin	False
mis		language without a specific language code	Latin	False
mis-x-Q2417210		Old Swedish	Latin	True
mk	Common,Cyrillic	Macedonian	Cyrillic	False
ml	Common,Malayalam	Malayalam	Malayalam	False
mn	Common,Cyrillic,Latin,Mongolian	Mongolian	Cyrillic, Arabic, Mongolian	False
mnc		Manchu	Manchu	False
mni	Meetei_Mayek	Meitei	Meitei, Bengali	False
mnw	Myanmar	Mon	Burmese	False
mo	Common,Latin	Moldovan	Latin, Cyrillic	False
moe		Innu-aimun	Latin	False
mr	Devanagari	Marathi	Devanagari	False
mrh		Mara	Latin	False
mrj	Cyrillic	Hill Mari	Cyrillic	False
ms	Common,Latin	Malay	Latin	False
ms-arab	Arabic	Malay in Jawi script	Arabic	True
mt	Common,Latin	Maltese	Latin	False
mui		Musi	Latin	False
mul		multiple languages	Latin	False
mus	Common,Latin	Muscogee	Latin	False
mwl	Common,Latin	Mirandese	Latin	False
mwv		Mentawai	Latin	False
my	Myanmar	Burmese	Burmese	False
myv	Cyrillic	Erzya	Cyrillic	False
mzn	Arabic	Mazanderani	Arabic	False
na	Common,Latin	Nauruan	Latin	False
nah	Common,Latin	Nahuatl	Latin	False
	Common,Latin	Southern Min	CJK	False
nan-hani	Han	nan-hani	Latin	True
nap	Common,Latin	Neapolitan	Latin	False
nb	Common,Latin	Bokmål	Latin	False
nds	Common,Latin	Low German	Latin	False
nds-nl	Common,Latin	Dutch Low Saxon	Latin	True
ne	Devanagari	Nepali	Devanagari	False
new	Devanagari	Newar	Devanagari	False
ng	Common,Latin	Ndonga	Latin	False
nia	Latin	Nias	Latin	False
niu	Common,Latin	Niuean	Latin	False
nl	Common,Latin	Dutch	Latin	False
nl-be		Belgian Dutch	Latin	True
nl-informal	Latin	informal Dutch	Latin	True
nn	Common,Latin	Nynorsk	Latin	False
nn-hognorsk		Høgnorsk	Latin	True
no	Latin	Norwegian Wikipedias	Latin	False
no	Latin	Norwegian	Latin	False
nod	Tai_Tham,Thai	Northern Thai	Thai, Tai Tham	False
nog		Nogai	Cyrillic	False
non		Old Norse	Latin	False
nov	Common,Latin	Novial	Latin	False
nqo	Nko	N'Ko	NKo	False
nr		Southern Ndebele	Latin	False
nrf-gg		Guernésiais	Latin	True
nrf-je		Jèrriais	Latin	True
nrm	Common,Latin	Norman	Latin	False
nsk		Naskapi	Latin	False
nso	Common,Latin	Northern Sotho	Latin	False
nui		Kombe	Latin	False
nv	Common,Latin	Navajo	Latin	False
nxm		Numidian	Tifinagh	False
ny	Common,Latin	Chewa	LatIn	False
nys	Common,Latin	Noongar	Latin	False
oc	Common,Latin	Occitan	Latin	False
oj		Ojibwe	Latin	False
olo	Common,Latin	Livvi-Karelian	Cyrillic	False
om	Common,Latin	Oromo	Latin	False
ood		O'odham	Latin	False
or	Oriya	Odia	Odia	False
os	Cyrillic	Ossetian	Cyrillic	False
osa		Osage	Latin	False
osa-latn		Osage in Latin script	Latin	True
ota	Arabic,Common,Latin	Ottoman Turkish	Arabic	False
otk		Old Turkic	Arabic	False
ovd		Elfdalian	Latin	False
pa	Arabic,Common,Gurmukhi	Eastern Punjabi	Arabic, Gurmukhi, Devanagari	False
pa	Arabic,Common,Gurmukhi	Punjabi	Arabic, Gurmukhi, Devanagari	False
pag	Common,Latin	Pangasinan	Latin	False
pam	Common,Latin	Kapampangan	Latin	False
pap	Common,Latin	Papiamento	Latin	False
pcd	Common,Latin	Picard	Latin	False
pdc	Common,Latin	Pennsylvania German	Latin	False
pdt	Common,Latin	Plautdietsch	Latin	False
peo		Old Persian	Latin	False
pfl	Common,Latin	Palatinate German	Latin	False
pi	Devanagari,Latin	Pali	Brahmi	False
pih	Common,Latin	Pitkern	Latin	False
pis		Pijin	Latin	False
pjt		Pitjantjatjara	Latin	False
pko		Pökoot	Latin	False
pl	Common,Latin	Polish	Latin	False
pms	Common,Latin	Piedmontese	Latin	False
pmy		Papuan Malay	Latin	False
pnb	Arabic,Common	Punjabi	Arabic, Gurmukhi, Devanagari	False
pnb	Arabic,Common	Western Punjabi	Arabic, Gurmukhi, Devanagari	False
pnt	Common,Greek	Pontic Greek	Greek	False
ppu		Papora-Hoanya	Latin	False
prg	Common,Latin	Old Prussian	Latin	False
ps	Arabic	Pashto	Arabic	False
pt	Common,Latin	Portuguese	Latin	False
pt-ao1990		Portuguese Language Orthographic Agreement of 1990	Latin	True
pt-br	Common,Latin	Brazilian Portuguese	Latin	True
pwn	Latin	Paiwan	Latin	False
pwn	Latin	katadrengan	Latin	False
pyu		Puyuma	Latin	False
qu	Common,Latin	Quechua	Latin	False
quc	Latin	K’iche’	Latin	False
qug	Common,Latin	Kichwa	Latin	False
qya		Quenya	Latin	False
rar		Cook Islands Maori	Latin	False
rcf		Réunion Creole	Latin	False
rgn	Common,Latin	Romagnol	Latin	False
rif	Common,Latin	Tarifit	Latin	False
rki		Arakanese	Burmese	False
rkt		Rangpuri	Bengali, Devanagari	False
rm	Common,Latin	Romansh	Latin	False
rm-puter		Putèr	Latin	True
rm-rumgr		Rumantsch Grischun	Latin	True
rm-surmiran		Surmiran	Latin	True
rm-sursilv		Sursilvan	Latin	True
rm-sutsilv		Sutsilvan	Latin	True
rm-vallader		Vallader	Latin	True
rmc	Latin	Carpathian Romani	Latin	False
rmf	Latin	Finnish Kalo	Latin	False
rmy	Common,Latin	Romani	Latin	False
rn	Common,Latin	Kirundi	Latin	False
ro	Common,Latin	Romanian	Latin	False
roa-tara	Common,Latin	Tarantino	Latin	True
ru	Common,Cyrillic,Latin	Russian	Cyrillic	False
ru-sib		Siberian	Cyrillic	True
rue	Cyrillic	Rusyn	Cyrillic	False
rup	Common,Latin	Aromanian	Latin	False
ruq	Common,Latin	Megleno-Romanian	Latin	False
ruq-cyrl	Common,Latin	Megleno-Romanian in Cyrillic script	Cyrillic	True
ruq-latn	Common,Latin	Megleno-Romanian in Latin script	Latin	True
rw	Common,Latin	Kinyarwanda	Latin	False
rwr	Common,Latin	Marwari	Devanagari, Arabic	False
ryu	Han,Hiragana	Okinawan	CJK	False
sa	Devanagari	Sanskrit	Devanagari	False
sah	Cyrillic	Sakha	Cyrillic	False
sat	Ol_Chiki	Santali	Ol Chiki, Bengali	False
sat-beng		Santali in Bengali script	Bengali	True
sc	Common,Latin	Sardinian	Latin	False
scn	Common,Latin	Sicilian	Latin	False
sco	Common,Latin	Scots	Latin	False
sd	Arabic,Common,Devanagari	Sindhi	Arabic, Devanagari	False
sdc	Common,Latin	Sassarese	Latin	False
sdh	Latin	Southern Kurdish	Arabic	False
se	Common,Latin	Northern Sami	Latin	False
sei	Common,Latin	Seri	Latin	False
ses	Common,Latin	Koyraboro Senni	Latin	False
sg	Common,Latin	Sango	Latin	False
sh	Common,Latin	Serbo-Croatian	Latin, Cyrillic	False
shi	Common,Latin,Tifinagh	Tashelhit	Arabic, Latin, Tifinagh	False
shi-latn	Common,Latin	Tachelhit in Latin script	Latin	True
shi-tfng	Latin	Tachelhit in Tifinagh script	Tifinagh	True
shn	Myanmar	Shan	Burmese	False
shy	Tifinagh	Shawiya	Tifinagh	False
shy-latn	Latin	Shawiya in Latin script	Latin	True
si	Common,Sinhala	Sinhala	Sinhala	False
sid		Sidamo	Latin	False
simple	Common,Latin	Simple English	Latin	False
sjd	Cyrillic	Kildin Sami	Latin	False
sje	Common,Latin	Pite Sami	Latin	False
sjm		Mapun	Latin	False
sjn		Sindarin	Tengwar	False
sjt		Ter Sami	Cyrillic, Latin	False
sju	Latin	Ume Sami	Latin	False
sk	Common,Latin	Slovak	Latin	False
skr	Arabic	Saraiki	Arabic	False
skr-arab	Arabic	Saraiki in Arabic script	Arabic	True
sl	Common,Latin	Slovene	Latin	False
sli	Common,Latin	Silesian German	Latin	False
sm	Common,Latin	Samoan	Latin	False
sma	Common,Latin	Southern Sami	Latin	False
smj	Common,Latin	Lule Sami	Latin	False
smn	Latin	Inari Sami	Latin	False
sms	Latin	Skolt Sami	Latin	False
sn	Common,Latin	Shona	Latin	False
so	Common,Latin	Somali	Latin	False
sou		Southern Thai	Thai	False
sq	Common,Latin	Albanian	Latin	False
sr	Common,Cyrillic,Latin	Serbian	Cyrillic, Latin	False
sr-ec	Common,Cyrillic	Serbian written in Cyrillic	Cyillic	True
sr-el	Common,Latin	Serbian (Latin script)	Latin	True
srn	Common,Latin	Sranan Tongo	Latin	False
srq	Common,Latin	Sirionó	Latin	False
ss	Common,Latin	Swazi	Latin	False
ssf		Thao	Latin	False
st	Common,Latin	Sesotho	Latin	False
stq	Common,Latin	Saterland Frisian	Latin	False
sty	Cyrillic,Latin	Siberian Tatar	Cyrillic, Latin	False
su	Common,Latin	Sundanese	Latin	False
sux-latn		Sumerian in Latin script	Latin	True
sv	Common,Latin	Swedish	Latin	False
sw	Common,Latin	Swahili	Latin	False
sxr		Saaroa	Latin	False
syc		Syriac	Syriac	False
syl-beng		Sylheti in Bengali-Assamese script	Bengali	True
szl	Common,Latin	Silesian	Latin	False
szy	Latin	Sakizaya	Latin	False
ta	Common,Tamil	Tamil	Tamil	False
tay	Common,Latin	Atayal	Latin	False
tce		Southern Tutchone	Latin	False
tcy	Kannada	Tulu	Brahmi	False
te	Common,Telugu	Telugu	Telugu	False
tet	Common,Latin	Tetum	Latin	False
tg	Cyrillic	Tajik	Cyrillic, Arabic, Latin	False
tg-cyrl	Cyrillic	Tajik in Cyrillic script	Cyrillic	True
tg-latn	Common,Latin	Tajik in Latin script	Latin	True
th	Common,Thai	Thai	Thai	False
ti	Ethiopic	Tigrinya	Ge'ez	False
tk	Common,Latin	Turkmen	Latin	False
tl	Common,Latin	Tagalog	Latin	False
tlh		Klingon	Latin	False
tlh-latn		Klingon in Okrand notation	Okrand	True
tlh-piqd		Klingon in pIqaD	PlqaD	True
tli		Tlingit	Latin	False
tly	Latin	Talysh	Arabic, Latin, Cyrillic	False
tly-cyrl		Talysh in Cyrillic script	Cyrillic	True
tn	Common,Latin	Tswana	Latin	False
to	Common,Latin	Tongan	Latin	False
tok		Toki Pona	Latin	False
tpi	Common,Latin	Tok Pisin	Latin	False
tr	Common,Latin	Turkish	Latin	False
tru	Common,Latin	Turoyo	Syriac, Turoyo	False
trv	Latin	Seediq	Latin	False
ts	Common,Latin	Tsonga	Latin	False
tsg		Tausug	Latin	False
tsk		Tseku	Tibetan	False
tsu		Tsou	Latin	False
tt	Common,Cyrillic,Latin	Tatar	Cyrillic, Latin	False
tt-cyrl	Common,Cyrillic	Tatar in Cyrillic script	Cyrillic	True
tt-latn	Common,Latin	Tatar in Latin script	Latin	True
ttm		Northern Tutchone	Latin	False
tum	Common,Latin	Tumbuka	Latin	False
tvl		Tuvaluan	Latin	False
tvn		Tavoyan dialects	Burmese	False
tvx		Taivoan	Latin	False
tw	Common,Latin	Twi	Adinkra	False
ty	Common,Latin	Tahitian	Latin	False
tyv	Common,Cyrillic	Tuvan	Cyrillic	False
tzl		Talossan	Latin	False
tzm	Tifinagh	Central Atlas Tamazight	TIfinagh, Arabic	False
udm	Cyrillic	Udmurt	Cyrillic	False
ug	Arabic,Common,Cyrillic,Latin	Uyghur	Arabic, Cyrillic, Latin	False
ug-arab	Arabic	Uyghur in Arabic script	Arabic	True
ug-latn	Common,Latin	Uyghur in Latin script	Latin	True
uk	Common,Cyrillic,Latin	Ukrainian	Cyrillic	False
umu		Munsee	Latin	False
und		undetermined language	Latin	False
ur	Arabic,Common	Urdu	Arabic	False
uun		Pazeh	Latin	False
uz	Common,Latin	Uzbek	Cyrillic, Latin	False
uz-cyrl	Cyrillic	Uzbek in Cyrillic script	Cyrillic	True
uz-latn	Latin	Uzbek in Latin script	Latin	True
uzs		Southern Uzbek	Arabic	False
ve	Common,Latin	Venda	Latin	False
vec	Common,Latin	Venetian	Latin	False
vep	Common,Latin	Veps	Cyrillic	False
vi	Common,Latin	Vietnamese	Latin	False
vls	Common,Latin	West Flemish	Latin	False
vmf	Common,Latin	Main-Franconian	Latin	False
vo	Common,Latin	Volapük	Latin	False
vot	Common,Latin	Votic	Latin, Cyrillic	False
wa	Common,Latin	Walloon	Latin	False
wal		Wolaytta	Latin	False
war	Common,Latin	Waray	Latin	False
wbl		Wakhi	Arabic, Cyrillic, Latin	False
wls	Latin	Wallisian	Latin	False
wo	Common,Latin	Wolof	Latin, Arabic	False
wuu	Common,Han	Wu Chinese	CJK	False
wym		Vilamovian	Latin	False
xal	Cyrillic	Kalmyk Oirat	Cyrillic	False
xh	Common,Latin	Xhosa	Latin	False
xmf	Common,Georgian	Mingrelian	Georgian	False
xnb		Kanakanavu	Latin	False
xpu		Punic	Phoenician	False
xsy	Latin	Saisiyat	Latin	False
yai		Yaghnobi	Cyrillic, Latin, Arabic	False
yap		Yapese	Latin	False
yav		Yangben	Latin	False
ydg		Yidgha	Arabic	False
yi	Common,Hebrew	Yiddish	Hebrew	False
yo	Common,Latin	Yoruba	Latin	False
yrk		Nenets	Cyrillic	False
yrl		Nheengatu	Latin	False
za	Common,Latin	Zhuang	CJK	False
zea	Common,Latin	Zeelandic	Latin	False
zgh	Tifinagh	Standard Moroccan Berber	Neo-TIfinagh, Berber	False
zh	Common,Han,Latin	Chinese	CJK	False
zh-cn	Common,Han,Latin	Putonghua	CJK	True
zh-hans	Common,Han,Latin	Simplified Chinese	CJK	True
zh-hant	Common,Han,Latin	Traditional Chinese	CJK	True
zh-hk	Common,Han	Chinese (Hong Kong)	CJK	True
zh-min-nan	Latin	Southern Min	CJK	True
zh-mo	Common,Han	Chinese in Macau	CJK	True
zh-my	Common,Han	Malaysian Mandarin	CJK	True
zh-sg	Common,Han	Singaporean Mandarin	CJK	True
zh-tw	Common,Han	Standard Taiwanese Mandarin	CJK	True
zh-tw	Common,Han	Taiwanese Mandarin	CJK	True
zh-yue	Han	Yue Chinese	CJK	True
zh-yue	Han	Cantonese	CJK	True
zu	Common,Latin	Zulu	Latin	False
zun		Zuni	Latin	False
zxx		no linguistic content	Latin	False
